OTU ID	ERG1A	ERG1B	ERG2A	ERG2B	ERG2C	ERG3A	ERG3B	ERG3C	ERG4A	ERG4B	ERG4C
89dcb16ddcbd3c9fcc091fbaf7e8b493	0.0	269.0	0.0	0.0	0.0	0.0	0.0	0.0	373.0	568.0	407.0
501bf699e5e6531ffc49d04bdcc69c7a	0.0	0.0	0.0	0.0	0.0	307.0	523.0	358.0	171.0	225.0	100.0
44cbf32a4ffb4dc55208fe78c56594cb	0.0	0.0	0.0	0.0	0.0	0.0	0.0	0.0	184.0	346.0	244.0
4a25298feaa9cf8b05f00c083e4f7554	277.0	292.0	0.0	217.0	517.0	0.0	134.0	141.0	0.0	0.0	0.0
ea0f4c126d13f30fbc25504c4cb1b1c5	0.0	0.0	0.0	0.0	0.0	0.0	0.0	0.0	156.0	359.0	174.0
9a5c8c9f424d0d86525f93813b3fa2cc	0.0	0.0	0.0	299.0	403.0	192.0	359.0	296.0	33.0	0.0	88.0
fceefd5bb4235cfd17fe1781eafdb9b5	0.0	0.0	0.0	0.0	0.0	0.0	0.0	0.0	240.0	186.0	132.0
640de41d0e27e79f68cd222327ca27d2	185.0	0.0	0.0	0.0	0.0	0.0	0.0	0.0	9.0	86.0	181.0
8b93a4f29e9c2691958b6fdac35e66b9	0.0	0.0	0.0	0.0	0.0	0.0	0.0	0.0	95.0	13.0	155.0
5733a1e704d7817f3a3a3950f14ca44f	190.0	351.0	0.0	0.0	0.0	0.0	0.0	0.0	0.0	0.0	0.0
e6e6b6a0f8fd6443bbb1d16fb496829d	0.0	0.0	0.0	0.0	184.0	0.0	143.0	112.0	87.0	144.0	64.0
ea77c6ce1d350818db289e797e32ef37	0.0	0.0	0.0	0.0	0.0	0.0	0.0	0.0	0.0	0.0	190.0
a7bf4bab37eb6827797841f7a33b5f66	0.0	0.0	0.0	0.0	0.0	0.0	0.0	0.0	122.0	164.0	65.0
4e3a443cabed5110201050b136c09937	0.0	0.0	0.0	0.0	0.0	384.0	408.0	332.0	0.0	0.0	0.0
926526fa0f2b5a6c3e37eba5dba15134	0.0	0.0	0.0	0.0	0.0	0.0	0.0	0.0	23.0	176.0	99.0
dd0f8860fc88ce21ba0c3496bd58401e	0.0	0.0	0.0	0.0	0.0	192.0	185.0	285.0	0.0	234.0	0.0
4a5b636019616449426be94f1f7ce6be	0.0	0.0	0.0	0.0	0.0	0.0	0.0	0.0	206.0	0.0	56.0
6b572ec65ef942762751af5736bd0b20	0.0	0.0	0.0	0.0	0.0	0.0	0.0	0.0	314.0	0.0	0.0
a3a462d89ae4c66204634f016f69fedb	0.0	0.0	0.0	0.0	0.0	0.0	0.0	0.0	19.0	199.0	89.0
ff6aab8a4010bb7a1f33bd317e9802e3	148.0	255.0	0.0	0.0	0.0	0.0	0.0	0.0	0.0	0.0	0.0
36643bf515665f3d5597f33507ee34c6	0.0	0.0	500.0	356.0	360.0	0.0	0.0	0.0	0.0	0.0	0.0
0c55839185b1935cadf5727c07f6f5f0	49.0	0.0	0.0	0.0	0.0	217.0	247.0	301.0	0.0	0.0	0.0
c6db6daac39ac3661fa04176bc1fccde	0.0	0.0	0.0	208.0	202.0	0.0	0.0	0.0	0.0	0.0	89.0
d90ebce2616467431b6f67f42ea9eee5	208.0	55.0	0.0	0.0	0.0	0.0	0.0	0.0	0.0	0.0	0.0
893583e95e03c73fb61af9446008d957	0.0	0.0	0.0	0.0	0.0	0.0	0.0	0.0	117.0	228.0	0.0
1276b77f062b2b17f0a0014194e25b35	0.0	0.0	0.0	0.0	0.0	0.0	0.0	0.0	0.0	0.0	138.0
5a79335b0dcd68efe7cf7306e7302791	0.0	0.0	0.0	0.0	0.0	0.0	0.0	0.0	0.0	0.0	130.0
de0eb8a291b4197acfa5d2d35a454d2a	0.0	0.0	0.0	0.0	0.0	0.0	0.0	0.0	60.0	0.0	70.0
880bcaaee3d4af6be80496a729937d03	0.0	0.0	0.0	0.0	0.0	0.0	0.0	0.0	180.0	0.0	0.0
35d3be8f04edd7f29599669b7ee8669d	131.0	113.0	0.0	0.0	0.0	0.0	0.0	0.0	0.0	0.0	0.0
0cfcfeb3d2e0fc784818991ce77b40cb	0.0	0.0	0.0	63.0	0.0	211.0	0.0	0.0	30.0	0.0	41.0
690d0331f99a36b430ded1266ce28a4e	0.0	0.0	0.0	0.0	0.0	0.0	0.0	0.0	0.0	0.0	121.0
abbe8bd1a4d1d29233e2de4d1a206dac	92.0	172.0	0.0	0.0	0.0	0.0	0.0	0.0	0.0	0.0	0.0
8d4d7165852cac91ab4889b6ca27f483	0.0	0.0	951.0	123.0	135.0	0.0	0.0	0.0	0.0	0.0	0.0
ca0dcf32ac54f809fcdcc59fe519db31	0.0	0.0	0.0	0.0	0.0	0.0	0.0	0.0	80.0	0.0	40.0
57be7d1a0e318b23b7028511766fadeb	0.0	0.0	0.0	0.0	0.0	0.0	34.0	0.0	91.0	0.0	38.0
c4eb9ea88871119d317ffeef0cd80e22	0.0	0.0	0.0	0.0	0.0	0.0	0.0	0.0	145.0	0.0	0.0
8ca2d5559d46a005b989a47c0ae40bfc	0.0	0.0	233.0	161.0	260.0	0.0	42.0	0.0	0.0	0.0	0.0
6bab31e4f534f915f53cf3ff298891e1	106.0	86.0	0.0	0.0	0.0	0.0	0.0	0.0	0.0	0.0	0.0
9173113b387a38dc3b06217d0eb4a824	0.0	0.0	0.0	0.0	0.0	0.0	0.0	0.0	40.0	0.0	46.0
86eec4e2bcf8540f3b572931b4d6309a	0.0	247.0	0.0	0.0	0.0	0.0	0.0	0.0	0.0	0.0	0.0
7d993d5d92d78f7c48a84ddd5b02e8c4	78.0	146.0	0.0	0.0	0.0	0.0	0.0	0.0	0.0	0.0	0.0
f27195e9f7acd9f16a95f1b1991611db	0.0	0.0	0.0	0.0	0.0	0.0	0.0	0.0	0.0	0.0	81.0
cb80a4a66bf0e6eda035e5fd4109df65	0.0	0.0	0.0	0.0	0.0	0.0	219.0	261.0	0.0	0.0	0.0
0a586547875c67da249fa8a10774c423	0.0	0.0	0.0	0.0	0.0	0.0	0.0	0.0	123.0	0.0	0.0
7c8c40e1955bd263b660c1a90c23e64c	91.0	64.0	0.0	0.0	0.0	0.0	0.0	0.0	0.0	0.0	0.0
dd0564b35f24930f5e2fe2d6513e4228	82.0	86.0	0.0	0.0	0.0	0.0	0.0	0.0	0.0	0.0	0.0
eca80e8e0656864518f58937f893713c	0.0	0.0	0.0	0.0	0.0	0.0	0.0	0.0	0.0	246.0	0.0
06f6d911d494cc2b64cb15f1e6c1e5a2	0.0	0.0	0.0	0.0	0.0	152.0	131.0	141.0	0.0	0.0	0.0
48a81b80e2c3ff8b827ebf7c657a4468	0.0	0.0	0.0	55.0	0.0	9.0	0.0	0.0	0.0	44.0	50.0
fad39a82e7d9f510a46a70d725aa0acb	0.0	0.0	0.0	0.0	0.0	0.0	0.0	0.0	0.0	0.0	76.0
d7939922fb12450356c0cc93bb38b424	116.0	0.0	0.0	0.0	0.0	0.0	0.0	0.0	0.0	0.0	0.0
8bc85429808bba02f4a9f4e8309929fa	42.0	0.0	443.0	70.0	0.0	0.0	0.0	0.0	0.0	0.0	0.0
e96f9d22c06d1ef1983793e0b27fe825	0.0	0.0	0.0	0.0	0.0	0.0	0.0	355.0	0.0	0.0	0.0
616250ca91f7d349d4ff78a80f554b3f	67.0	48.0	0.0	0.0	0.0	0.0	0.0	0.0	0.0	0.0	0.0
cd07f5e06f80e5539176033892bbafa9	116.0	0.0	0.0	0.0	0.0	0.0	0.0	0.0	0.0	0.0	0.0
94ec009c1352c4baa81009008c7ef3dd	92.0	34.0	0.0	0.0	0.0	0.0	0.0	0.0	0.0	0.0	0.0
cea2f13183c45ce323f54ad73c21b8d2	0.0	178.0	0.0	0.0	0.0	0.0	0.0	0.0	0.0	0.0	0.0
21834b24e2d5b851e6cf38b1381108e8	18.0	0.0	0.0	0.0	0.0	0.0	0.0	0.0	70.0	0.0	0.0
2b118283cd85c47d34e3f0a60f7170eb	0.0	0.0	0.0	0.0	0.0	324.0	0.0	0.0	0.0	0.0	0.0
450fc156ffac13ec8f48dfa94d6b314c	82.0	0.0	0.0	0.0	0.0	0.0	0.0	0.0	0.0	0.0	0.0
a26f16771fd68a3a8d05c26a2ddb4cf5	0.0	0.0	245.0	99.0	121.0	0.0	0.0	0.0	0.0	0.0	0.0
0c2af407ca1c75d8d4d6b8fe6aa897b8	96.0	0.0	0.0	0.0	0.0	0.0	0.0	0.0	0.0	0.0	0.0
9baa4b6afab0be8286ba2be82396efa2	0.0	0.0	0.0	0.0	0.0	124.0	218.0	0.0	0.0	0.0	0.0
592b9c315c2293fca965b101fb94d403	0.0	0.0	0.0	0.0	0.0	0.0	0.0	0.0	64.0	71.0	1.0
975c7807c3961f8961ff7e3e25c6a663	0.0	144.0	0.0	0.0	0.0	0.0	0.0	0.0	0.0	0.0	0.0
0058a43ab6b8a3ea734b85ddba3f6c3f	63.0	30.0	0.0	0.0	0.0	0.0	0.0	0.0	0.0	0.0	0.0
46ad90c4ccb536bbab6c631cc7447a45	93.0	0.0	0.0	0.0	0.0	0.0	0.0	0.0	0.0	0.0	0.0
2ea08dc5fbdfd8877fe78d4e679e3502	93.0	0.0	0.0	0.0	0.0	0.0	0.0	0.0	0.0	0.0	0.0
ecdea26d52a331abaff9cbe30e385cde	88.0	0.0	0.0	0.0	0.0	0.0	0.0	0.0	0.0	0.0	0.0
57a6361d0d269405a335ac956c768996	84.0	0.0	0.0	0.0	0.0	0.0	0.0	0.0	0.0	0.0	0.0
62c85f3cc2710e67ff50fc74d23245b1	0.0	0.0	0.0	0.0	0.0	99.0	97.0	0.0	0.0	0.0	18.0
ae9cbd5ad0d56f57b0c56d4328abe69b	0.0	0.0	0.0	0.0	0.0	0.0	25.0	0.0	34.0	0.0	17.0
e7d5dccf50ac2e1abc550df3dd2b060c	0.0	0.0	0.0	0.0	0.0	0.0	0.0	0.0	0.0	0.0	49.0
f939606fd408a968e347c25a2e822447	0.0	0.0	0.0	0.0	0.0	0.0	0.0	0.0	23.0	38.0	26.0
d21a864138de9212c87f68256a85b4ca	0.0	0.0	0.0	240.0	0.0	0.0	0.0	0.0	0.0	0.0	0.0
f7d4eaabaeb9a10ffa35ad4707f22544	0.0	0.0	0.0	75.0	72.0	0.0	0.0	0.0	0.0	0.0	28.0
b6c5892ae13fddd4359512b8bb73bb70	0.0	0.0	0.0	0.0	0.0	0.0	0.0	0.0	0.0	9.0	42.0
fef4b688fdac68750f3437e3675523be	59.0	37.0	0.0	0.0	0.0	0.0	0.0	0.0	0.0	0.0	0.0
d16659c4876fb47e3864555b34a42515	83.0	0.0	0.0	0.0	0.0	0.0	0.0	0.0	0.0	0.0	0.0
38b640d3be9a050f0261fe0a6a6e87b0	91.0	16.0	0.0	0.0	0.0	0.0	0.0	0.0	0.0	0.0	0.0
77dbe020ae462e66892b9edd8964686f	0.0	0.0	0.0	56.0	0.0	0.0	0.0	0.0	0.0	0.0	26.0
62dc5e3fbac84db42e516cc3b296202a	0.0	0.0	0.0	0.0	0.0	0.0	0.0	0.0	0.0	0.0	40.0
20d1e789cf3342e2a258db1a70fceb2e	0.0	0.0	0.0	0.0	0.0	76.0	78.0	118.0	0.0	0.0	0.0
0f7400bae736419473787b6545fdc436	0.0	0.0	0.0	0.0	0.0	0.0	0.0	0.0	83.0	0.0	0.0
790150911a07a4f13523c03c0b3f33f4	0.0	0.0	343.0	0.0	163.0	0.0	0.0	0.0	0.0	0.0	0.0
9f2182f8179ec198b36bc1176dfa0cfa	74.0	0.0	0.0	0.0	0.0	0.0	0.0	0.0	0.0	0.0	0.0
1daeaca2267b624790ace976d7ffca19	0.0	0.0	0.0	0.0	0.0	0.0	293.0	0.0	0.0	0.0	0.0
04023f6e93b1afe82c1abc100e20184e	0.0	0.0	0.0	0.0	0.0	0.0	89.0	0.0	57.0	0.0	0.0
4783fb0614ae54850d8bce72943a7451	0.0	51.0	0.0	0.0	0.0	0.0	70.0	0.0	0.0	0.0	16.0
12a8cf8519a3354be9ef388abc09d9de	0.0	145.0	0.0	0.0	0.0	0.0	0.0	0.0	0.0	0.0	0.0
102155f0b0c059326cff40724b56ed2d	0.0	0.0	0.0	194.0	0.0	0.0	0.0	0.0	0.0	0.0	0.0
f96b3e80edc1d3cb3ae55f7385b96769	0.0	0.0	0.0	0.0	0.0	0.0	0.0	233.0	0.0	0.0	0.0
ee83327687798b0b61728f84ee9db9fc	0.0	0.0	0.0	0.0	0.0	0.0	0.0	0.0	0.0	131.0	0.0
d94ecea0d3eaf8c7c23f2f2d38a7d620	0.0	0.0	0.0	0.0	0.0	0.0	0.0	0.0	38.0	50.0	3.0
bd40af3ff7b1168e3254d85d8d84e885	68.0	0.0	0.0	0.0	0.0	0.0	0.0	0.0	0.0	0.0	0.0
26a2146edc579b51235b7634b8843efd	0.0	0.0	0.0	0.0	0.0	0.0	0.0	213.0	0.0	0.0	0.0
6723a7bb3c6a5aefd40a9bd8a5299e48	0.0	0.0	0.0	0.0	0.0	0.0	0.0	0.0	0.0	131.0	0.0
4d7aae182ca758564c493282d90134e0	0.0	0.0	0.0	0.0	0.0	0.0	0.0	0.0	50.0	0.0	0.0
77911ecc3abb0704dc167848a059a826	0.0	0.0	0.0	0.0	0.0	0.0	0.0	0.0	0.0	0.0	43.0
ffab5226f43c52a6c1040d2b5336ca76	0.0	0.0	0.0	0.0	0.0	0.0	0.0	0.0	20.0	0.0	32.0
484b327e04cfe0d819ad55284305fc82	0.0	0.0	0.0	0.0	0.0	0.0	0.0	0.0	0.0	0.0	34.0
e6aeac18412081e727d21700b4022ae5	0.0	120.0	0.0	0.0	0.0	0.0	0.0	0.0	0.0	0.0	0.0
8006e7a6a722b555e2f7d302bb88fbd8	0.0	0.0	0.0	0.0	0.0	0.0	0.0	0.0	57.0	0.0	0.0
50dac7cb4d1727fb79f5d56270c9fb43	0.0	0.0	0.0	0.0	248.0	0.0	0.0	0.0	0.0	0.0	0.0
61fe89057972fb851c017ab1e4cb44d5	0.0	0.0	0.0	167.0	0.0	0.0	0.0	0.0	0.0	0.0	0.0
4fdfe70ce0a865cd868f535c57fcde82	0.0	0.0	0.0	0.0	0.0	0.0	0.0	0.0	15.0	0.0	24.0
585c3a9a8ede1af6c92e1054e5fdc376	77.0	0.0	0.0	0.0	0.0	0.0	0.0	0.0	0.0	0.0	0.0
68d867644cf2cbe07f1482d3db8aea81	0.0	0.0	0.0	0.0	0.0	116.0	130.0	0.0	0.0	0.0	0.0
ad20dc2a4b1345f68b55fbba52f5218d	64.0	0.0	0.0	0.0	0.0	0.0	0.0	0.0	0.0	0.0	0.0
61f1a06be83e846f6da88e8e426e30d0	45.0	32.0	0.0	0.0	0.0	0.0	0.0	0.0	0.0	0.0	0.0
c538b7f59a79f342a4a2b552f8ad2df7	68.0	0.0	0.0	0.0	0.0	0.0	0.0	0.0	0.0	0.0	0.0
52a591da3bdcc5c2e5e0587b0ff30ac5	0.0	0.0	0.0	0.0	0.0	0.0	0.0	0.0	30.0	60.0	3.0
363e1ad593a6e2f3750b4020961a4b89	0.0	0.0	0.0	157.0	0.0	0.0	0.0	0.0	0.0	0.0	0.0
56c511606b726a1439a7151a133fdf32	0.0	0.0	0.0	0.0	0.0	0.0	0.0	0.0	0.0	109.0	0.0
5d4d525abc24189c8c23318459f48823	0.0	0.0	726.0	0.0	0.0	0.0	0.0	0.0	0.0	0.0	0.0
a516fdf752f3e0d5f1917d1bb3230ce7	0.0	0.0	0.0	0.0	0.0	0.0	0.0	0.0	7.0	0.0	29.0
dd7ba184e837681e630e3907dd62c812	0.0	0.0	0.0	158.0	0.0	0.0	0.0	0.0	0.0	0.0	0.0
69cfd4b9445272132f662b8c90768211	0.0	0.0	0.0	0.0	0.0	0.0	0.0	0.0	0.0	0.0	35.0
46db73181195407c7aba5a9510e3eb01	0.0	0.0	0.0	0.0	0.0	204.0	0.0	0.0	0.0	0.0	0.0
efe4f077642a4f47c148281029301f05	0.0	0.0	0.0	0.0	0.0	0.0	0.0	0.0	47.0	0.0	0.0
ef6667c4d04703368a1a394b432efe24	0.0	0.0	0.0	0.0	209.0	0.0	0.0	0.0	0.0	0.0	0.0
d46c59012f26743632dc4b58404d7aef	0.0	0.0	0.0	0.0	0.0	0.0	0.0	0.0	53.0	0.0	0.0
fadb050f564bd2326ec938eb0a14f746	47.0	0.0	0.0	0.0	0.0	0.0	0.0	0.0	0.0	0.0	0.0
9706dd25ab2556aa582fd6c5b36a17bc	0.0	0.0	0.0	0.0	0.0	0.0	0.0	0.0	0.0	0.0	45.0
27f2b71f39e897b30b88b4bf26a478a5	0.0	0.0	0.0	0.0	0.0	0.0	0.0	0.0	0.0	0.0	45.0
80867bfa64e743be6b48baedd44367e6	0.0	0.0	0.0	0.0	0.0	197.0	0.0	0.0	0.0	0.0	0.0
c3bb148f66c90bb5da7d336aec0ba683	0.0	108.0	0.0	0.0	0.0	0.0	0.0	0.0	0.0	0.0	0.0
68100f827242897e41baf07ec263458a	0.0	0.0	0.0	173.0	0.0	0.0	0.0	0.0	0.0	0.0	0.0
1b9b1786724c1ed359b20a1e6f12b880	0.0	0.0	0.0	0.0	0.0	0.0	0.0	0.0	0.0	0.0	30.0
2c407050c9a15fb43e244421914507b5	47.0	0.0	0.0	0.0	0.0	0.0	0.0	0.0	0.0	0.0	0.0
9e6888f50d51b9453e2733fb5b8ab230	66.0	0.0	0.0	0.0	0.0	0.0	0.0	0.0	0.0	0.0	0.0
ed3a0e0eae582fadf6d09dd71d1e387b	0.0	0.0	0.0	0.0	0.0	0.0	224.0	0.0	0.0	0.0	0.0
25569f907087e51dfee1381c1fd77d2a	0.0	0.0	0.0	0.0	0.0	0.0	0.0	0.0	0.0	0.0	39.0
0106622bf5a1f36af802299e7c9ecc2b	0.0	102.0	0.0	0.0	0.0	0.0	0.0	0.0	0.0	0.0	0.0
8634ad4e2fcd1e49ab1321acdcfd2329	0.0	0.0	0.0	79.0	94.0	0.0	0.0	0.0	0.0	0.0	0.0
bb5f8f9aae1e2919b4c8d78288771db7	0.0	95.0	0.0	0.0	0.0	0.0	0.0	0.0	0.0	0.0	0.0
4fd244787a145066aa5529e407ea7472	0.0	0.0	0.0	0.0	0.0	0.0	0.0	0.0	50.0	0.0	0.0
9f17effb2496ef75e087edf5a9548b45	0.0	0.0	0.0	0.0	0.0	0.0	0.0	0.0	0.0	0.0	34.0
4c1f0bd67c3652222f63168cb05cc8e1	0.0	87.0	0.0	0.0	0.0	0.0	0.0	0.0	0.0	0.0	0.0
413c668337318c2181ce714c61415a0e	0.0	94.0	0.0	0.0	0.0	0.0	0.0	0.0	0.0	0.0	0.0
f3d5dda831af503e59b8844727721016	0.0	0.0	0.0	0.0	0.0	0.0	0.0	0.0	0.0	0.0	26.0
4423b9ffda6905ce88565082d819d21b	0.0	0.0	0.0	0.0	0.0	0.0	0.0	0.0	0.0	0.0	26.0
c1ac7d8bc43a6291a8e8f2cc49a072c7	0.0	0.0	0.0	0.0	0.0	0.0	0.0	0.0	0.0	0.0	34.0
30dcf2b0c3f30c3feafc3e5a3f6fa718	0.0	0.0	0.0	0.0	0.0	0.0	0.0	0.0	0.0	90.0	0.0
4b287c949031ad118b46c8a7a73bc0fc	0.0	0.0	0.0	0.0	0.0	0.0	0.0	0.0	14.0	0.0	31.0
e081f450c015a846a19838a9722269ce	0.0	0.0	0.0	0.0	0.0	0.0	0.0	156.0	0.0	0.0	0.0
5f74201f74612aedcb99eabbad27167d	0.0	0.0	0.0	68.0	74.0	0.0	0.0	0.0	0.0	0.0	0.0
5565d7e3aaf84cd547c1ff17f6d23a1f	0.0	0.0	0.0	0.0	0.0	0.0	0.0	0.0	0.0	0.0	29.0
6b5e0195b45258eca0c840a142d21a6a	55.0	0.0	0.0	0.0	0.0	0.0	0.0	0.0	0.0	0.0	0.0
804746be879703ff6a6f4b92fb11772b	0.0	0.0	0.0	134.0	0.0	0.0	0.0	0.0	0.0	0.0	0.0
d2ca67aadc2dcf9074fd095c4506f309	0.0	0.0	0.0	0.0	0.0	0.0	0.0	0.0	0.0	0.0	28.0
548dc43baed54f92b2963fa7a2d26ff2	31.0	0.0	0.0	0.0	0.0	0.0	58.0	0.0	0.0	0.0	0.0
da15dcca9e1cc567d0093b8cd34800f2	0.0	0.0	0.0	0.0	0.0	64.0	46.0	49.0	0.0	0.0	0.0
142b725b3aeca3200a37ed4f9aef473f	0.0	0.0	0.0	0.0	0.0	0.0	178.0	0.0	0.0	0.0	0.0
b82f3c9c419e5574d5db99a8e3667894	54.0	0.0	0.0	0.0	0.0	0.0	0.0	0.0	0.0	0.0	0.0
852b5fe496fcbc4da6c55fa8823904be	0.0	0.0	0.0	0.0	0.0	161.0	0.0	0.0	0.0	0.0	0.0
b7b5e0596d34c8867c92bbbd4665e9a1	17.0	72.0	0.0	0.0	0.0	0.0	0.0	0.0	0.0	0.0	0.0
458c7632134aa1b7272bf82484e5f838	0.0	0.0	0.0	0.0	161.0	0.0	0.0	0.0	0.0	0.0	0.0
95e89dd239c92671a94d0043ccf97913	0.0	0.0	0.0	0.0	0.0	0.0	0.0	0.0	17.0	0.0	18.0
f6c040bb58fcf31496730fefa7e530f2	0.0	0.0	0.0	0.0	0.0	0.0	0.0	0.0	40.0	0.0	0.0
9c022bdab0033a2c6e2f91634dc808c6	0.0	0.0	0.0	0.0	0.0	0.0	0.0	0.0	0.0	0.0	31.0
c702423ac8b2f9e3e6db1bf2207c0350	0.0	0.0	0.0	0.0	0.0	0.0	0.0	0.0	0.0	0.0	25.0
6914d95c7d8afecbe15026a7e8a3a474	0.0	0.0	0.0	112.0	0.0	0.0	0.0	0.0	0.0	0.0	0.0
68c4ac84585290b497d3f51730e9b03d	0.0	87.0	0.0	0.0	0.0	0.0	0.0	0.0	0.0	0.0	0.0
f67a19515156376e858120f652dec1ee	0.0	0.0	0.0	72.0	62.0	0.0	0.0	0.0	0.0	0.0	0.0
65a695b69df8c4661cbcbe208a4b91d0	0.0	0.0	0.0	0.0	0.0	0.0	0.0	0.0	43.0	0.0	0.0
c613e8c794c6bdcf6c68a8a58703b8c5	0.0	0.0	0.0	0.0	0.0	0.0	0.0	0.0	0.0	0.0	19.0
8f36ad451007f80f6281929d962c8dc3	0.0	80.0	0.0	0.0	0.0	0.0	0.0	0.0	0.0	0.0	0.0
815b1a3b195fcd0d8fc7317d9ee8002b	0.0	0.0	0.0	0.0	0.0	0.0	0.0	0.0	39.0	0.0	0.0
a572b3724dc33e631903724edc8ecdc8	44.0	0.0	0.0	0.0	0.0	0.0	0.0	0.0	0.0	0.0	0.0
aae0817e1a79e4d96e93824cb4816c77	0.0	0.0	0.0	0.0	152.0	0.0	0.0	0.0	0.0	0.0	0.0
2e49334a311caf7517e8f950a71da8d4	42.0	0.0	0.0	0.0	0.0	0.0	0.0	0.0	0.0	0.0	0.0
0bcd89bb0635b950f7fde3ba987f4487	0.0	0.0	0.0	0.0	0.0	0.0	0.0	0.0	0.0	0.0	28.0
0f216670c35f93958427d619e044ce22	36.0	0.0	0.0	0.0	0.0	0.0	0.0	0.0	0.0	0.0	0.0
19d60c99cc91c05b018c90e71ef58181	0.0	0.0	0.0	0.0	0.0	0.0	0.0	0.0	43.0	0.0	0.0
3713eea6c09c0b367671a98639c00741	0.0	0.0	0.0	106.0	0.0	0.0	0.0	0.0	0.0	0.0	0.0
d0f97b572230db8d0c7ee10f9050b4f4	0.0	0.0	0.0	0.0	0.0	0.0	0.0	0.0	40.0	0.0	0.0
8a73c1e405bcea610e9bc5ac774b0d45	43.0	0.0	0.0	0.0	0.0	0.0	0.0	0.0	0.0	0.0	0.0
50d858af0e4b756987a4cb9caa128d3a	0.0	0.0	0.0	0.0	0.0	124.0	0.0	0.0	0.0	0.0	0.0
04da2ea2c4d052f318f67f57f1943e8f	47.0	0.0	0.0	0.0	0.0	0.0	0.0	0.0	0.0	0.0	0.0
64233952108d2b6b0d8e7fc9a7158633	0.0	0.0	0.0	0.0	0.0	0.0	0.0	0.0	50.0	0.0	0.0
dc008a0754a1c3d19c71a8d2565b2281	0.0	0.0	0.0	0.0	0.0	0.0	0.0	0.0	0.0	0.0	22.0
353ce3b3f86f0e919365d3729de06411	0.0	0.0	0.0	0.0	0.0	0.0	0.0	0.0	0.0	0.0	16.0
0fcfd995100518bbf3056b3c3963e8c6	0.0	0.0	0.0	0.0	0.0	0.0	0.0	0.0	0.0	82.0	0.0
cf0453ccad8c671462790f0f03b8af4e	24.0	0.0	0.0	0.0	49.0	0.0	0.0	0.0	0.0	0.0	0.0
778d5e169929a0db073f73fa6d49ff53	0.0	59.0	0.0	0.0	0.0	0.0	0.0	0.0	0.0	0.0	0.0
c7c4017c62be53893e995f534b5d8808	0.0	0.0	0.0	0.0	0.0	0.0	0.0	0.0	0.0	0.0	23.0
3e8c40324032945a28ac0d136362fcbd	0.0	0.0	0.0	0.0	0.0	116.0	0.0	0.0	0.0	0.0	0.0
f49b21e8030062195123454c14c3de1a	0.0	0.0	0.0	0.0	0.0	0.0	0.0	109.0	0.0	0.0	0.0
e41f7abec6bcda10dbfbe692d2e45107	0.0	0.0	0.0	0.0	117.0	0.0	0.0	0.0	0.0	0.0	0.0
9ab2a963d375b1a34c32e999785c5f9b	0.0	0.0	0.0	0.0	0.0	112.0	0.0	0.0	0.0	0.0	0.0
43583f4b91118348fddb11f2afe2a7b5	0.0	0.0	0.0	0.0	0.0	0.0	0.0	0.0	0.0	0.0	17.0
2ed5740c4465cd7cff3d0f14a80b24f6	0.0	0.0	0.0	0.0	0.0	0.0	0.0	0.0	0.0	0.0	26.0
04ba72a18d7abaa6cc6f65831d48075d	0.0	0.0	0.0	0.0	0.0	127.0	0.0	0.0	0.0	0.0	0.0
3ea3f811a277e7a34082ee85e8766993	0.0	0.0	0.0	0.0	0.0	0.0	0.0	0.0	0.0	64.0	0.0
c48e85b71713c8a35dc7947a2a71b93c	28.0	0.0	0.0	0.0	0.0	0.0	0.0	0.0	0.0	0.0	0.0
fd93b26ed2e0c642d5430a2d91d70175	0.0	0.0	0.0	0.0	0.0	0.0	0.0	0.0	32.0	0.0	0.0
59531492bde5b3524e6a281dee778c33	0.0	0.0	0.0	0.0	0.0	0.0	0.0	113.0	0.0	0.0	0.0
492a1f7e2dd3924c1025d3babf456536	0.0	66.0	0.0	0.0	0.0	0.0	0.0	0.0	0.0	0.0	0.0
d65504ced574250f477b1fc317b1d707	0.0	0.0	0.0	0.0	0.0	0.0	0.0	108.0	0.0	0.0	0.0
4cb7b09c6c0c14bd30e745935d5366c2	0.0	0.0	0.0	0.0	0.0	0.0	0.0	0.0	0.0	65.0	0.0
4ad90beb91ae6831a68fff9ba010f226	0.0	0.0	0.0	0.0	0.0	0.0	0.0	0.0	0.0	0.0	21.0
f5abb1c5de2bd42cd8c72d0e3e5aeb28	0.0	0.0	0.0	0.0	0.0	111.0	0.0	0.0	0.0	0.0	0.0
2a3fe32f18b77e40110c64995048ce4b	0.0	0.0	0.0	0.0	0.0	0.0	0.0	0.0	35.0	0.0	0.0
12e27616a96ac477b20bb4a5b5746511	0.0	0.0	0.0	0.0	0.0	0.0	0.0	0.0	0.0	0.0	23.0
b78eb6029779dae6b0d8ce22664cd538	0.0	0.0	0.0	0.0	0.0	0.0	0.0	0.0	29.0	0.0	0.0
8cb5de406d0560101b68f7b369d6ceb5	32.0	0.0	0.0	0.0	0.0	0.0	0.0	0.0	0.0	0.0	0.0
e571aa8f430a107ff415fcaf71a12cad	0.0	57.0	0.0	0.0	0.0	0.0	0.0	0.0	0.0	0.0	0.0
7ef9404f61adb92cf0fe664c0192424d	0.0	0.0	0.0	0.0	104.0	0.0	0.0	0.0	0.0	0.0	0.0
65b442242799caa2f166136306b5e66c	0.0	0.0	0.0	0.0	0.0	0.0	0.0	0.0	0.0	0.0	22.0
6b29013ef6f70117e1d615c529541dd6	34.0	0.0	0.0	0.0	0.0	0.0	0.0	0.0	0.0	0.0	0.0
6441a3a9f93547ff6f580f034dd9ddc0	0.0	0.0	0.0	0.0	0.0	0.0	0.0	0.0	0.0	59.0	0.0
39aa9f358073028057742a267e0a9660	0.0	0.0	0.0	0.0	0.0	0.0	0.0	0.0	0.0	0.0	18.0
fcde3b6be9b620c90dd7e8b79cb0fed6	0.0	0.0	0.0	0.0	0.0	0.0	131.0	0.0	0.0	0.0	0.0
e66ec58c79a4ec83fde3fd3bd7bae73c	0.0	0.0	110.0	28.0	33.0	0.0	0.0	0.0	0.0	0.0	0.0
95376a421f375ae021108496af9138d5	0.0	0.0	0.0	0.0	0.0	0.0	0.0	0.0	0.0	0.0	8.0
d07154911d4026967da06e26f83389b7	0.0	0.0	0.0	37.0	55.0	0.0	0.0	0.0	0.0	0.0	0.0
c57cb6fb887dcfc4618049841153e062	0.0	55.0	0.0	0.0	0.0	0.0	0.0	0.0	0.0	0.0	0.0
57be09fbb68243ebd3576964e1d8d7a1	0.0	0.0	340.0	0.0	0.0	0.0	0.0	0.0	0.0	0.0	0.0
7eff2939aa125d139f10653cfbc657a8	0.0	0.0	0.0	0.0	0.0	61.0	31.0	0.0	0.0	0.0	0.0
c9ccc81e68e5cc39af4e4638343ed2ea	0.0	51.0	0.0	0.0	0.0	0.0	0.0	0.0	0.0	0.0	0.0
0e9e45059aedfd056a8937aa8075a45f	0.0	0.0	0.0	0.0	0.0	0.0	0.0	0.0	0.0	0.0	21.0
c6c50f9b3212747fefda455e2fdb0b7d	25.0	0.0	0.0	0.0	0.0	0.0	0.0	0.0	0.0	0.0	0.0
9169b917c85d1312ba86d6f9e0fd81a4	0.0	0.0	0.0	46.0	0.0	0.0	0.0	29.0	0.0	0.0	0.0
e2271d7d8d4b20cc177c203b92fc4d43	35.0	0.0	0.0	0.0	0.0	0.0	0.0	0.0	0.0	0.0	0.0
99ba31aa964a41c6a586e921fc27a0e3	0.0	46.0	0.0	0.0	0.0	0.0	0.0	0.0	0.0	0.0	0.0
ef2bbb5a7a5ef1e8e2e45321b77ce788	0.0	0.0	104.0	55.0	0.0	0.0	0.0	0.0	0.0	0.0	0.0
eb8cab0f4115d8c12736d246c388bf62	0.0	0.0	0.0	0.0	0.0	0.0	0.0	89.0	0.0	0.0	0.0
de083257ad789e1c4afe400d472083fe	0.0	0.0	0.0	0.0	0.0	0.0	0.0	0.0	26.0	0.0	0.0
4bf64742bc7325a39f324bb18781a589	0.0	0.0	0.0	72.0	0.0	0.0	0.0	0.0	0.0	0.0	0.0
b4388447267ab5748e24795e96a3b235	0.0	0.0	0.0	0.0	0.0	0.0	0.0	90.0	0.0	0.0	0.0
5662aa013d5e70f3b22623766f283ccb	20.0	0.0	0.0	0.0	0.0	0.0	0.0	0.0	0.0	0.0	0.0
b0fd164fa2d8a28db61e74213a0a4202	0.0	0.0	0.0	0.0	0.0	0.0	0.0	0.0	36.0	0.0	0.0
392d2c29f3bcc897db8ee066271018a4	0.0	41.0	0.0	0.0	0.0	0.0	0.0	0.0	0.0	0.0	0.0
9a4b4a4d132ae35d5bc15315d50b5055	33.0	0.0	0.0	0.0	0.0	0.0	0.0	0.0	0.0	0.0	0.0
443915a9b0236447c5319d9cfad99a87	28.0	0.0	0.0	0.0	0.0	0.0	0.0	0.0	0.0	0.0	0.0
49eafa16df5728990f75a47da71e0e02	0.0	0.0	0.0	0.0	38.0	0.0	0.0	0.0	0.0	0.0	7.0
2f6593beb10a38e34d8d23334c0517cc	0.0	0.0	0.0	0.0	0.0	0.0	0.0	0.0	0.0	48.0	0.0
d4296b93a17887590b108a5f69db8638	0.0	0.0	0.0	0.0	0.0	0.0	0.0	0.0	0.0	0.0	14.0
c3a3a8b5ae05efa2fe6f59836291bd41	34.0	0.0	0.0	0.0	0.0	0.0	0.0	0.0	0.0	0.0	0.0
ed04a41a24d12abf48e3e1180182b791	0.0	0.0	0.0	0.0	0.0	0.0	41.0	47.0	0.0	0.0	0.0
c0055af77c3e9713c86de562cca631aa	0.0	0.0	0.0	65.0	0.0	0.0	0.0	0.0	0.0	0.0	0.0
c671caba733842fa5ef0a92c8ea0bfda	0.0	0.0	0.0	0.0	0.0	0.0	0.0	0.0	29.0	0.0	0.0
6dad76af16be5efd6842a00c4c80a1f1	0.0	0.0	0.0	72.0	0.0	0.0	0.0	0.0	0.0	0.0	0.0
18a0c7c97c39c3e1e155ff8b4bcbf3a5	0.0	0.0	0.0	0.0	0.0	0.0	0.0	0.0	16.0	0.0	0.0
d2a80f4dab4427bc7bcc0c0bf4abe758	23.0	0.0	0.0	0.0	0.0	0.0	0.0	0.0	0.0	0.0	0.0
abb67b327125264e5806cba4071a2b64	0.0	0.0	81.0	0.0	63.0	0.0	0.0	0.0	0.0	0.0	0.0
635626fee3d916fa5a659ca9348066b9	0.0	0.0	0.0	0.0	0.0	0.0	102.0	0.0	0.0	0.0	0.0
472159a0fac9564476071bdc03e0b712	0.0	0.0	0.0	0.0	0.0	0.0	0.0	91.0	0.0	0.0	0.0
ff24acaafc6ae928e96177c974cab939	0.0	0.0	0.0	0.0	0.0	0.0	0.0	0.0	0.0	0.0	10.0
e3bdbe04ca4c0e18c96e4da665a29416	0.0	0.0	0.0	0.0	71.0	0.0	0.0	0.0	0.0	0.0	0.0
1c7a0b88fd2a28643ec61d64ebc235de	0.0	0.0	0.0	62.0	0.0	0.0	0.0	0.0	0.0	0.0	0.0
48152f1230b4d61a4157e63c5250502a	0.0	0.0	0.0	0.0	0.0	0.0	0.0	0.0	22.0	0.0	0.0
da7bacf9e004c33a0dafe624fb2474ce	0.0	0.0	0.0	0.0	0.0	0.0	0.0	0.0	24.0	0.0	0.0
7fbfd27cb04e461c5a2d162c5759d97c	0.0	0.0	0.0	75.0	0.0	0.0	0.0	0.0	0.0	0.0	0.0
8342fc3170604aa62b436695a4ed54fa	0.0	0.0	0.0	0.0	0.0	0.0	0.0	0.0	0.0	53.0	0.0
26a9654e2d7b275d01112c6bbb0cfd83	39.0	0.0	0.0	0.0	0.0	0.0	0.0	0.0	0.0	0.0	0.0
6e674981fb35a541f8f462e9afe274a8	0.0	44.0	0.0	0.0	0.0	0.0	0.0	0.0	0.0	0.0	0.0
b3a14fc89c4ffb5aaa0093d858814d28	0.0	0.0	0.0	0.0	0.0	0.0	0.0	0.0	0.0	43.0	0.0
8c501a9e33cb3042b964048efc2f4cf9	0.0	0.0	0.0	0.0	0.0	0.0	0.0	0.0	0.0	0.0	7.0
d7d550d590cf091e8d7483546d967fb0	17.0	0.0	0.0	0.0	0.0	0.0	0.0	0.0	0.0	0.0	0.0
084b87de08e3e1b98a23adfedf053c7e	0.0	0.0	0.0	0.0	0.0	0.0	0.0	0.0	0.0	0.0	11.0
ea3906aa179adcad29d774f95a07afa8	0.0	0.0	0.0	0.0	0.0	0.0	89.0	0.0	0.0	0.0	0.0
82c916611b50b12ae40eff1ba6e53a5c	0.0	0.0	0.0	0.0	0.0	0.0	0.0	0.0	21.0	0.0	0.0
b58637b3f3ce91f51f67c2476ee07ec9	0.0	37.0	0.0	0.0	0.0	0.0	0.0	0.0	0.0	0.0	0.0
30c5b8aacc0bb13c5211ace13f30482c	0.0	41.0	0.0	0.0	0.0	0.0	0.0	0.0	0.0	0.0	0.0
0d28a84ce680ceb9f596426bb2a59141	0.0	0.0	0.0	0.0	0.0	0.0	0.0	0.0	0.0	0.0	8.0
aa08e75ada6db3517a553996e309154f	0.0	0.0	0.0	75.0	0.0	0.0	0.0	0.0	0.0	0.0	0.0
ba6e484233c998f42b998c390dac426c	0.0	0.0	0.0	0.0	0.0	0.0	0.0	0.0	20.0	0.0	0.0
ded0b1bf62c9e40f2730cd40576d484d	0.0	0.0	0.0	0.0	0.0	0.0	0.0	0.0	23.0	0.0	0.0
7aa48ecbccfafd30ce298d597e141975	0.0	0.0	0.0	0.0	0.0	0.0	0.0	0.0	0.0	45.0	0.0
1b38cf1924467457d26104c7fd441c5a	0.0	0.0	0.0	0.0	79.0	0.0	0.0	0.0	0.0	0.0	0.0
ed78254c831e3b0ceea807f4a546c8fa	0.0	0.0	0.0	0.0	0.0	0.0	0.0	0.0	0.0	0.0	19.0
70700dbf6e6c3afb74b2eb125d6605d7	0.0	0.0	0.0	0.0	0.0	0.0	0.0	68.0	0.0	0.0	0.0
3d8592d941830058b197abf05818c319	0.0	0.0	0.0	0.0	0.0	0.0	0.0	0.0	21.0	0.0	0.0
614b0fd027c57c3895fed15b9d4079d4	0.0	0.0	0.0	0.0	0.0	0.0	0.0	0.0	0.0	0.0	20.0
9091510a980095cdea25f13e37b500da	0.0	0.0	0.0	0.0	0.0	0.0	0.0	0.0	22.0	0.0	0.0
0eacfe2bc77a8d41d3fbc07e0d9b4404	0.0	0.0	0.0	0.0	0.0	76.0	0.0	0.0	0.0	0.0	0.0
322c165ec713b737c7f915a62c98ad11	0.0	0.0	0.0	0.0	0.0	0.0	0.0	0.0	24.0	0.0	0.0
4a4d4f394b947715d8ad902965184d2d	0.0	0.0	0.0	0.0	0.0	0.0	0.0	0.0	0.0	0.0	13.0
62d6a4a8069d6ee0c4a1034e4164506e	0.0	0.0	0.0	0.0	0.0	0.0	0.0	0.0	0.0	0.0	18.0
cb6d1805b85b6e23e2f04be01e44933b	24.0	0.0	0.0	0.0	0.0	0.0	0.0	0.0	0.0	0.0	0.0
0d0b351353742ef09c649420729d5227	0.0	0.0	0.0	0.0	0.0	0.0	0.0	0.0	13.0	0.0	0.0
5122a9405c06fbda020ab990d16463c9	0.0	0.0	0.0	0.0	0.0	0.0	0.0	0.0	0.0	0.0	10.0
7cebc85dcc9f4eb4a4d01d56bd58bad8	0.0	0.0	0.0	0.0	75.0	0.0	0.0	0.0	0.0	0.0	0.0
4514961dcb2ff1d58f5a292f886b23b4	0.0	0.0	0.0	0.0	0.0	0.0	0.0	0.0	24.0	0.0	0.0
677c36d4f775d6450436ab19459cf05e	0.0	38.0	0.0	0.0	0.0	0.0	0.0	0.0	0.0	0.0	0.0
91cd68886d8e8b4ba3ea437d8f4fc908	15.0	0.0	0.0	0.0	0.0	0.0	0.0	0.0	0.0	0.0	0.0
f89a242d963c704df83cef2f84e2736d	0.0	46.0	0.0	0.0	0.0	0.0	0.0	0.0	0.0	0.0	0.0
fb7c8301fdc0e13036d49ea39d17e8f8	0.0	0.0	0.0	0.0	0.0	0.0	0.0	0.0	25.0	0.0	0.0
8bcb4ae3f9ebd7b14e6ab2ad9eae379f	0.0	37.0	0.0	0.0	0.0	0.0	0.0	0.0	0.0	0.0	0.0
f4f7d6c9d8ec0ea47d0660f126a2a937	0.0	0.0	0.0	0.0	0.0	0.0	0.0	0.0	25.0	0.0	0.0
5065be0272cdf470811d8087f5396136	0.0	0.0	0.0	0.0	59.0	0.0	0.0	0.0	0.0	0.0	0.0
d37bf970c0643533316ff396bcc88035	31.0	0.0	0.0	0.0	0.0	0.0	0.0	0.0	0.0	0.0	0.0
4fef8a268cdb49f4a0617ec621fa6261	0.0	0.0	0.0	18.0	0.0	33.0	0.0	0.0	0.0	0.0	0.0
0105c67da3159b7d728202ed8c5236ab	0.0	0.0	0.0	0.0	64.0	0.0	0.0	0.0	0.0	0.0	0.0
159a9bc4da5e99870dc8a2ecba2ccead	0.0	0.0	0.0	0.0	0.0	0.0	0.0	0.0	0.0	34.0	0.0
5df90000af8953eea2b7b29a1d70bf3d	0.0	0.0	0.0	0.0	0.0	51.0	0.0	0.0	0.0	0.0	0.0
415022ef5eb0ff4f40004c2aadeb4de1	21.0	0.0	0.0	0.0	0.0	0.0	0.0	0.0	0.0	0.0	0.0
d0d2c198eaae4d9116c9476feda79d8d	0.0	7.0	133.0	0.0	0.0	0.0	0.0	0.0	0.0	0.0	0.0
9ecafcf6806f367bb1ada591b41c4070	18.0	0.0	0.0	0.0	0.0	0.0	0.0	0.0	0.0	0.0	0.0
9b2c5e80b810682210144dacc4a7fc9f	0.0	0.0	0.0	52.0	0.0	0.0	0.0	0.0	0.0	0.0	0.0
f02664b5e92e66b4a4b9c3cc033ccfc6	0.0	0.0	0.0	43.0	0.0	0.0	0.0	0.0	0.0	0.0	0.0
75bc9f715431694c91b6018a166d7e2d	0.0	25.0	0.0	0.0	0.0	0.0	0.0	0.0	0.0	0.0	0.0
606d6a55a61cc2584f35a2d3c26537b5	0.0	0.0	0.0	0.0	0.0	0.0	0.0	0.0	0.0	0.0	14.0
638de1ac392955528ed3fe2b4c935855	0.0	0.0	0.0	0.0	0.0	0.0	0.0	0.0	14.0	0.0	0.0
f1944c8404261fdadade4529843c1990	0.0	0.0	0.0	0.0	0.0	57.0	0.0	0.0	0.0	0.0	0.0
ddfb285ea0f635b10a66ee1eaa272020	0.0	0.0	0.0	0.0	0.0	0.0	0.0	0.0	20.0	0.0	0.0
3ad25b9a02b81df7bce23c314739dcda	0.0	0.0	0.0	0.0	0.0	0.0	0.0	0.0	0.0	0.0	12.0
baff279ee4a3f8c99d9fef7ded5fcc92	0.0	0.0	0.0	0.0	0.0	0.0	0.0	0.0	0.0	0.0	10.0
ec6014ff3d895afe3b431440f4b77c2c	0.0	0.0	0.0	0.0	0.0	46.0	0.0	0.0	0.0	0.0	0.0
c1046a551aee160148e65faa28043e9c	0.0	0.0	0.0	0.0	0.0	55.0	0.0	0.0	0.0	0.0	0.0
61162674c43c0074d69369cf1a79250d	0.0	0.0	0.0	0.0	0.0	0.0	0.0	0.0	0.0	0.0	17.0
24f3a6f8f49660fce2a9df9b8699ba89	13.0	0.0	0.0	0.0	0.0	0.0	0.0	0.0	0.0	0.0	0.0
b094656825dfab8d0ddc7e03b735e37e	0.0	0.0	0.0	0.0	0.0	0.0	0.0	0.0	0.0	0.0	11.0
8832b7978cb0be545e21e2bc6dc7d3d4	0.0	0.0	0.0	0.0	63.0	0.0	0.0	0.0	0.0	0.0	0.0
c1ad6cc3f2adbdfcf2cf550a2c5c35ea	0.0	0.0	0.0	42.0	0.0	0.0	0.0	0.0	0.0	0.0	0.0
456e7c8debb7297cf4ecef64f90b7e60	11.0	0.0	0.0	0.0	0.0	0.0	0.0	0.0	0.0	0.0	0.0
27ea52cf8f61d4a1cff64467f9c1a713	0.0	0.0	0.0	0.0	0.0	0.0	0.0	0.0	0.0	24.0	0.0
db889ea0e3c9a0fda986d9da03adfa36	0.0	0.0	0.0	0.0	0.0	0.0	0.0	0.0	0.0	0.0	10.0
06379077a648a3beb0655876f7f1e664	0.0	0.0	0.0	0.0	0.0	46.0	0.0	0.0	0.0	0.0	0.0
d6d1a0cec7199700f2e1a0cf4c7a668f	0.0	0.0	0.0	0.0	0.0	0.0	0.0	0.0	0.0	0.0	7.0
844ab433d4d3d83a3c6d0e5243a9e94b	0.0	0.0	0.0	0.0	0.0	56.0	0.0	0.0	0.0	0.0	0.0
0b7aa2ed8fd0bad7b1805b976f4dd0fe	0.0	0.0	0.0	0.0	0.0	0.0	0.0	0.0	0.0	0.0	8.0
4dad5a4756d0d0a80adc9466fe848d05	0.0	30.0	0.0	0.0	0.0	0.0	0.0	0.0	0.0	0.0	0.0
bfbaa24bebf195bb06eb716f47961310	0.0	0.0	0.0	0.0	0.0	0.0	0.0	63.0	0.0	0.0	0.0
f5b5aba9d3e3749a6ddd145d83a9b6a3	0.0	0.0	0.0	0.0	0.0	0.0	0.0	0.0	0.0	33.0	0.0
6058d5ea57a31226022753b6646e98b5	0.0	0.0	0.0	0.0	0.0	0.0	0.0	0.0	12.0	0.0	0.0
a6bc531c40374744e8c8cf1c603bd61c	0.0	0.0	0.0	0.0	0.0	0.0	0.0	0.0	0.0	0.0	11.0
9eb3075148c01fa8d5df03e80283cc92	0.0	0.0	0.0	0.0	0.0	0.0	0.0	0.0	0.0	28.0	0.0
ffea08a4f0101d09584215c0b53a9133	0.0	0.0	0.0	0.0	0.0	0.0	0.0	0.0	0.0	0.0	8.0
a0da306126a7398ce5bec771a98ec582	0.0	0.0	0.0	0.0	0.0	0.0	0.0	0.0	11.0	0.0	0.0
6929a07245f29eeede348d63ff3e3c76	0.0	0.0	0.0	0.0	0.0	0.0	0.0	0.0	16.0	0.0	0.0
d7c992801ed595a811534265d9864f72	0.0	0.0	167.0	0.0	0.0	0.0	0.0	0.0	0.0	0.0	0.0
ee621e59d4013f4f8d157b6c6791575e	17.0	0.0	0.0	0.0	0.0	0.0	0.0	0.0	0.0	0.0	0.0
51e5b3b8fc18ecb7e0ed5be07032691e	0.0	0.0	0.0	0.0	0.0	0.0	0.0	43.0	0.0	0.0	0.0
8eb5ada0459a791ab6a7f12f947e6493	10.0	0.0	0.0	0.0	0.0	0.0	0.0	0.0	0.0	0.0	0.0
d663feefa87be68c25b8f4f7a93e20e1	0.0	0.0	0.0	0.0	0.0	0.0	63.0	0.0	0.0	0.0	0.0
c3ffc6c6e45ccd38fd78bbba908bc5d4	0.0	0.0	0.0	0.0	0.0	0.0	0.0	0.0	0.0	0.0	9.0
e5c7e36515a4f175487bdc8dcfdf2453	0.0	0.0	0.0	0.0	0.0	52.0	0.0	0.0	0.0	0.0	0.0
957c4d30c2fce8d0869f10ec1d3a6e38	0.0	0.0	0.0	0.0	0.0	0.0	59.0	0.0	0.0	0.0	0.0
58ab61455766429d759ee6c5b36059f1	0.0	0.0	0.0	0.0	0.0	0.0	0.0	0.0	19.0	0.0	0.0
a06f70698b320b0ceb65f0843381e333	0.0	17.0	0.0	0.0	0.0	0.0	0.0	0.0	0.0	0.0	0.0
23484cbc2d0e23c55bcf2c6533b08ac4	0.0	0.0	0.0	0.0	0.0	22.0	0.0	0.0	0.0	0.0	6.0
b82c22534313745748e850791df52df1	0.0	0.0	0.0	0.0	0.0	0.0	0.0	0.0	9.0	0.0	0.0
35be28b397ec1636d15738a93573df28	0.0	0.0	0.0	28.0	0.0	0.0	0.0	0.0	0.0	0.0	0.0
26a235a7a2843e4d0c4be318cb97289d	0.0	0.0	0.0	0.0	0.0	0.0	0.0	0.0	11.0	0.0	0.0
fd9ff72e96d1d376cb7d3a162f652983	12.0	0.0	0.0	0.0	0.0	0.0	0.0	0.0	0.0	0.0	0.0
bf388960b2f2e1abe5f2f5a6a212acbc	0.0	0.0	0.0	0.0	0.0	0.0	0.0	0.0	0.0	0.0	8.0
bf8a61aba801ba564d152bd216ba4579	0.0	0.0	0.0	0.0	0.0	0.0	0.0	0.0	0.0	0.0	3.0
9d1ae4189f58053ae00837ff12b70c84	0.0	15.0	0.0	0.0	0.0	0.0	0.0	0.0	0.0	0.0	0.0
2c89929b847d83ec4f6369fa4b11becb	0.0	0.0	0.0	0.0	41.0	0.0	0.0	0.0	0.0	0.0	0.0
4521ac61fb8264ecce494581b8ef2409	0.0	0.0	0.0	0.0	46.0	0.0	0.0	0.0	0.0	0.0	0.0
25ded45ff155b90d31a4b65ab0dab6db	0.0	0.0	0.0	0.0	0.0	0.0	0.0	0.0	0.0	0.0	5.0
d1a228b4f4cb1263ae1efc7c9665e7d0	0.0	0.0	0.0	0.0	0.0	0.0	0.0	0.0	0.0	0.0	10.0
03b7204079c4b00d90fe6838cda16e71	0.0	0.0	0.0	0.0	0.0	0.0	0.0	0.0	11.0	0.0	0.0
818b46727ec17990b09091e7ea41c27b	0.0	21.0	0.0	0.0	0.0	0.0	0.0	0.0	0.0	0.0	0.0
fcd7dc054101656280622ab199f3e289	0.0	0.0	0.0	0.0	0.0	0.0	0.0	40.0	0.0	0.0	0.0
fc45a33a4f1ca14942ad0ad57464e3eb	0.0	0.0	0.0	0.0	34.0	0.0	0.0	0.0	0.0	0.0	0.0
c496266b8a4c92dba8481959ae18526e	0.0	0.0	0.0	0.0	48.0	0.0	0.0	0.0	0.0	0.0	0.0
e445fe57bf28a794ba588e9d2440dbd7	14.0	0.0	0.0	0.0	0.0	0.0	0.0	0.0	0.0	0.0	0.0
2fe257d73f34dea04beb39af8913b632	0.0	0.0	0.0	0.0	0.0	0.0	0.0	0.0	4.0	0.0	0.0
3d209948cde2c458b6f36267d34cf162	0.0	0.0	0.0	0.0	0.0	0.0	0.0	0.0	0.0	0.0	8.0
8fc199c39c7283c1c7fe72c06afb938e	0.0	0.0	0.0	0.0	0.0	0.0	0.0	40.0	0.0	0.0	0.0
40d50100c5cb9ffa71b8fcabfa7203de	13.0	0.0	0.0	0.0	0.0	0.0	0.0	0.0	0.0	0.0	0.0
d6231bc3f86018c0b2382a9103a8c592	14.0	0.0	0.0	0.0	0.0	0.0	0.0	0.0	0.0	0.0	0.0
80503bda59c64aff8bd460a5299560a8	0.0	16.0	0.0	0.0	0.0	0.0	0.0	0.0	0.0	0.0	0.0
4455483ac7e212aa8abba7443c993785	10.0	0.0	0.0	0.0	0.0	0.0	0.0	0.0	0.0	0.0	0.0
359a5298d307d88ed4d8d1ed60c8d665	0.0	19.0	0.0	0.0	0.0	0.0	0.0	0.0	0.0	0.0	0.0
ca6e59f4ad2f02c09158eea10575ac46	0.0	0.0	0.0	0.0	0.0	0.0	0.0	0.0	7.0	0.0	0.0
a209317c9697dc825ad9fe82f053df49	0.0	0.0	0.0	0.0	0.0	0.0	0.0	0.0	0.0	0.0	7.0
96235a0fabfa775ab2e4422434a74830	8.0	0.0	0.0	0.0	0.0	0.0	0.0	0.0	0.0	0.0	0.0
9edb3313bdfde06d11bb8e66f4aac411	0.0	0.0	0.0	26.0	0.0	0.0	0.0	0.0	0.0	0.0	0.0
d38014e935ad3ff67d755e0fdeab4be7	0.0	0.0	0.0	0.0	0.0	37.0	0.0	0.0	0.0	0.0	0.0
807ce4f13e0517cc6a1758b0cb325808	0.0	0.0	0.0	0.0	0.0	0.0	0.0	0.0	0.0	24.0	0.0
0b3d75d91c5da17a4e0bc2a1402bd3e6	0.0	0.0	0.0	33.0	0.0	0.0	0.0	0.0	0.0	0.0	0.0
5edc470956dfe47e57a29fa4eabecc44	8.0	0.0	0.0	0.0	0.0	0.0	0.0	0.0	0.0	0.0	0.0
27b7e1ee3b5b893c7f2858202493d5c6	0.0	0.0	0.0	0.0	0.0	29.0	0.0	0.0	0.0	0.0	0.0
dd4a2394255a57eaccf56b5f27746b62	0.0	0.0	0.0	0.0	0.0	0.0	0.0	0.0	0.0	24.0	0.0
d459c3cda7e1a303ad00d4202d8e26a1	0.0	18.0	0.0	0.0	0.0	0.0	0.0	0.0	0.0	0.0	0.0
7d500c4e7872b391eec4f8c756795f2b	0.0	0.0	0.0	0.0	0.0	0.0	0.0	0.0	0.0	0.0	5.0
2f6c4a04a2b0a8077a081b24ce471822	0.0	0.0	0.0	0.0	0.0	37.0	0.0	0.0	0.0	0.0	0.0
7bea3ab007cb6bf7f5918adce6f83d07	0.0	0.0	0.0	0.0	0.0	0.0	0.0	0.0	0.0	0.0	5.0
2feb8ea3a080ddca4741286d9ff6acce	11.0	0.0	0.0	0.0	0.0	0.0	0.0	0.0	0.0	0.0	0.0
5920399237f4c8ed4009d2007c439cd2	0.0	0.0	0.0	28.0	0.0	0.0	0.0	0.0	0.0	0.0	0.0
cc9d9e67237b5dc671f35e598674027d	0.0	0.0	0.0	0.0	0.0	0.0	0.0	33.0	0.0	0.0	0.0
130dc42b6c03efe62181268803378298	0.0	0.0	0.0	0.0	0.0	0.0	0.0	26.0	0.0	0.0	0.0
04446efbc6f2eda3b1329677bfca31bd	0.0	0.0	0.0	0.0	0.0	0.0	0.0	0.0	0.0	0.0	3.0
d0ffc0e2ab3693216371b56281869f21	0.0	0.0	0.0	0.0	0.0	0.0	0.0	0.0	10.0	0.0	0.0
f5a19378bf9f82b226315bc2833b960a	0.0	0.0	0.0	0.0	0.0	0.0	0.0	0.0	8.0	0.0	0.0
f20b6ee0c1736d939bc6327ba210108f	0.0	0.0	0.0	0.0	0.0	0.0	0.0	0.0	6.0	0.0	0.0
75b0bb74bf0418287d4a4f9a28825f69	0.0	0.0	0.0	0.0	0.0	0.0	0.0	0.0	0.0	20.0	0.0
c7da14fbcfb22a10cdfd30dc3b8d9134	0.0	0.0	0.0	21.0	0.0	0.0	0.0	0.0	0.0	0.0	0.0
b6dde75d73d3db81b64cc9ef0bb21aec	0.0	0.0	117.0	0.0	0.0	0.0	0.0	0.0	0.0	0.0	0.0
ed847943a0f44229eba491f9646ac87b	0.0	0.0	0.0	0.0	0.0	38.0	0.0	0.0	0.0	0.0	0.0
4f69a93eb0f8a72a34580fce45a8f33f	0.0	0.0	0.0	0.0	0.0	0.0	0.0	0.0	0.0	0.0	2.0
e14b3003145b64b5a1e884d03a591acd	0.0	0.0	0.0	24.0	0.0	0.0	0.0	0.0	0.0	0.0	0.0
43f05e74f13f86582bad79d297eda5cd	0.0	0.0	0.0	0.0	0.0	0.0	0.0	0.0	0.0	0.0	3.0
9bc6a2e843c8e15b1955d911e3592e27	0.0	0.0	0.0	0.0	0.0	0.0	0.0	30.0	0.0	0.0	0.0
86a42163c7f99199c493aac63767e8ab	0.0	0.0	0.0	0.0	0.0	0.0	0.0	0.0	11.0	0.0	0.0
3ce8e5e4cf81fea3412926a1e86eee5e	11.0	0.0	0.0	0.0	0.0	0.0	0.0	0.0	0.0	0.0	0.0
f195474258b1e6a42bd960f3c144a70c	0.0	0.0	0.0	0.0	0.0	0.0	0.0	0.0	11.0	0.0	0.0
a214df000e42c29be0635609aba1b742	0.0	0.0	0.0	0.0	0.0	16.0	0.0	14.0	0.0	0.0	0.0
c1615f83d50a8d89fd0e7b8f6cc80975	0.0	0.0	0.0	0.0	0.0	0.0	0.0	30.0	0.0	0.0	0.0
78091b21a9d384470adc65f5d079af90	0.0	0.0	0.0	0.0	0.0	0.0	0.0	0.0	0.0	0.0	5.0
f8882ea121554a5fd4ae33d8da57acf3	0.0	0.0	0.0	0.0	0.0	0.0	0.0	0.0	1.0	0.0	0.0
d198b9f25f88893d6b3c87094e4954ed	0.0	0.0	0.0	0.0	0.0	0.0	0.0	0.0	0.0	0.0	4.0
5320674102910c08ea0fe56e069951f6	0.0	0.0	0.0	29.0	0.0	0.0	0.0	0.0	0.0	0.0	0.0
48edc17b37686091a89328ce1895951b	0.0	0.0	0.0	0.0	36.0	0.0	0.0	0.0	0.0	0.0	0.0
bf7f7ea540a6ee7c375dd64c3ef5e5cc	0.0	0.0	0.0	0.0	0.0	0.0	0.0	26.0	0.0	0.0	0.0
c5bb7b8de8c2afb8dfd5fa7f1cf62741	0.0	0.0	0.0	0.0	0.0	0.0	0.0	0.0	0.0	0.0	7.0
b4c6e783ffd4b14c03ff0ec209824fdb	10.0	0.0	0.0	0.0	0.0	0.0	0.0	0.0	0.0	0.0	0.0
b8b5c84752e3954f34d951f6a4c55ae0	0.0	0.0	0.0	0.0	0.0	0.0	0.0	0.0	0.0	0.0	2.0
00365df8e1273acad2aea900bda79acd	11.0	0.0	0.0	0.0	0.0	0.0	0.0	0.0	0.0	0.0	0.0
c8f3160a910b9c06f0f65dc011a1166c	12.0	0.0	0.0	0.0	0.0	0.0	0.0	0.0	0.0	0.0	0.0
290137e01d6dcfbe8343b924f5ce88e7	0.0	0.0	0.0	21.0	0.0	0.0	0.0	0.0	0.0	0.0	0.0
9324cb4fc81f27e747a80f693b134f6a	0.0	0.0	0.0	0.0	0.0	0.0	30.0	0.0	0.0	0.0	0.0
0743090fa4b1b53fb58449b49bbaca4e	13.0	0.0	0.0	0.0	0.0	0.0	0.0	0.0	0.0	0.0	0.0
b59c4be051988b9eb4550eecf093503d	0.0	0.0	0.0	0.0	0.0	0.0	0.0	0.0	0.0	0.0	5.0
e7430988eeb0f13c47a55119a2025f78	0.0	0.0	0.0	0.0	0.0	0.0	0.0	0.0	0.0	0.0	4.0
09e1956adfcdcf3dd1f34bd62993ba08	0.0	0.0	0.0	21.0	0.0	0.0	0.0	0.0	0.0	0.0	0.0
788ec1fbf444468eb9c7b99b9303af0d	0.0	0.0	0.0	0.0	0.0	0.0	0.0	0.0	8.0	0.0	0.0
1551613691d42e0b2ab06b9550b8df39	5.0	0.0	0.0	0.0	0.0	0.0	0.0	0.0	0.0	0.0	0.0
4f63c081fb33914697ce88ebfcc5a501	0.0	0.0	0.0	0.0	0.0	0.0	0.0	0.0	0.0	0.0	4.0
e4161f8d8f7fc028b0eb5dc50c98865b	9.0	0.0	0.0	0.0	0.0	0.0	0.0	0.0	0.0	0.0	0.0
d02f204453956cb41b478599cb7fc855	0.0	0.0	0.0	0.0	0.0	23.0	0.0	0.0	0.0	0.0	0.0
5cc8377b63124ad9730d1018f0453522	0.0	0.0	0.0	0.0	0.0	0.0	0.0	0.0	0.0	0.0	7.0
fe8d12ff2a08644b1dc8019f1a7d65df	0.0	0.0	0.0	0.0	0.0	0.0	0.0	0.0	0.0	0.0	4.0
af17d954db62adc0e5e9cf35275b79c6	0.0	0.0	0.0	0.0	34.0	0.0	0.0	0.0	0.0	0.0	0.0
1299c1f59d2589dd2ee4b11532d413c9	0.0	0.0	0.0	0.0	0.0	28.0	0.0	0.0	0.0	0.0	0.0
f047f19baf3bf007193badbf7e51abb2	0.0	0.0	0.0	0.0	0.0	0.0	0.0	0.0	0.0	0.0	5.0
b8bbb8b3ad7cbf107a99133ac62026f7	0.0	0.0	0.0	0.0	0.0	0.0	0.0	0.0	0.0	0.0	4.0
95484ae57b5a0da513100e72b70e5dc5	0.0	0.0	0.0	0.0	0.0	0.0	0.0	0.0	0.0	0.0	5.0
674229e6281439662186aae413c3dfd3	0.0	12.0	0.0	0.0	0.0	0.0	0.0	0.0	0.0	0.0	0.0
ddfd77aeefb65a82a917b46cf12e3807	0.0	0.0	0.0	31.0	0.0	0.0	0.0	0.0	0.0	0.0	0.0
eaf9e250f81e5bb6ba7bbcff7fff413d	0.0	0.0	0.0	0.0	0.0	0.0	0.0	0.0	6.0	0.0	0.0
b430495a69cae8b78e3fbfafee661de2	8.0	0.0	0.0	0.0	0.0	0.0	0.0	0.0	0.0	0.0	0.0
251f2e86ba9cbf9c2bcba2853b9eee3a	0.0	0.0	0.0	0.0	0.0	0.0	0.0	0.0	6.0	0.0	0.0
7ff09d9dc8e29879778d258b46e2b4da	0.0	9.0	0.0	0.0	0.0	0.0	0.0	0.0	0.0	0.0	0.0
65cf47fe12184f1b8822a38607c0404b	0.0	13.0	0.0	0.0	0.0	0.0	0.0	0.0	0.0	0.0	0.0
95e7240f3a020c67a8834d15f0e3b6ef	0.0	13.0	0.0	0.0	0.0	0.0	0.0	0.0	0.0	0.0	0.0
a34415c96d3987d2e8fa11e70e0e4793	0.0	0.0	0.0	0.0	0.0	0.0	0.0	0.0	0.0	0.0	4.0
c28db0c3c91b2e6d418ef5430984b3f3	0.0	0.0	0.0	0.0	0.0	0.0	0.0	0.0	0.0	0.0	6.0
df02acd62d935b03f0df383e64c4e6b1	0.0	0.0	0.0	22.0	0.0	0.0	0.0	0.0	0.0	0.0	0.0
a14a019aedb98afaa8c32fdda889a49a	0.0	0.0	0.0	0.0	0.0	0.0	0.0	0.0	0.0	0.0	4.0
c0a3c4c0fad10aa18754e104398595a0	9.0	0.0	0.0	0.0	0.0	0.0	0.0	0.0	0.0	0.0	0.0
769beb8bb202b71e2b0004e05d145e1c	0.0	0.0	0.0	0.0	0.0	12.0	17.0	0.0	0.0	0.0	0.0
350a10766c2e2ebdfcc15bb8d644a5e5	0.0	0.0	0.0	0.0	0.0	0.0	0.0	0.0	0.0	0.0	6.0
0804b3c131d4e18c7754ea82bdd9030d	0.0	0.0	0.0	0.0	0.0	19.0	0.0	0.0	0.0	0.0	0.0
2974d581bfc157ec38aa0392ba5e0896	0.0	0.0	0.0	0.0	0.0	20.0	0.0	0.0	0.0	0.0	0.0
29491744e1e263990e8c0cbd81bda4a0	0.0	0.0	0.0	0.0	0.0	0.0	0.0	0.0	0.0	19.0	0.0
bd8f11be983fde93a6138c4eb53aabe7	0.0	0.0	0.0	0.0	0.0	0.0	0.0	0.0	0.0	0.0	6.0
b87624b102d49f3c078e2b6153ae33de	0.0	11.0	0.0	0.0	0.0	0.0	0.0	0.0	0.0	0.0	0.0
d041cd5828015d38c289ecb7ec80da93	0.0	0.0	0.0	0.0	0.0	26.0	0.0	0.0	0.0	0.0	0.0
9c56c94f02b12c7be9f6004d42567f94	0.0	0.0	0.0	0.0	0.0	0.0	0.0	0.0	0.0	0.0	4.0
743e11a453ee1ea196b0d0412cec1ac0	7.0	0.0	0.0	0.0	0.0	0.0	0.0	0.0	0.0	0.0	0.0
2ce4188bf904968b54eb6238727ebd16	0.0	0.0	82.0	0.0	0.0	0.0	0.0	0.0	0.0	0.0	0.0
7c81afaadee2ef51df17e5d31b96287a	0.0	0.0	0.0	0.0	0.0	0.0	0.0	0.0	0.0	0.0	5.0
ab05a39fcc5a69da6efa0f73f67863b9	0.0	0.0	0.0	0.0	0.0	0.0	0.0	0.0	6.0	0.0	0.0
72f5ad0fa8236b3ccd04584459617cf6	0.0	12.0	0.0	0.0	0.0	0.0	0.0	0.0	0.0	0.0	0.0
70459f3f3a0c5552c3892920bdd48c91	0.0	0.0	0.0	0.0	22.0	0.0	0.0	0.0	0.0	0.0	0.0
652b70b900b03f1dc2d6ae38c6b3247a	4.0	0.0	0.0	0.0	0.0	0.0	0.0	0.0	0.0	0.0	0.0
67dc3e39614bd1275112ae80ce2b1548	0.0	0.0	0.0	19.0	0.0	0.0	0.0	0.0	0.0	0.0	0.0
ec391d96bc7ebe4df7a7fc97962acd93	0.0	0.0	0.0	0.0	0.0	20.0	0.0	0.0	0.0	0.0	0.0
df4c46aeba3cdd5faf21f198c19d9a65	0.0	0.0	0.0	0.0	0.0	0.0	0.0	0.0	0.0	0.0	3.0
07683b5e6b8ede16b49112748019a53c	0.0	9.0	0.0	0.0	0.0	0.0	0.0	0.0	0.0	0.0	0.0
83c785559d14c0ae9593421df55e5bba	0.0	0.0	0.0	0.0	0.0	0.0	0.0	20.0	0.0	0.0	0.0
415b2e8cd57a794e9ef4ab17369adb89	0.0	8.0	0.0	0.0	0.0	0.0	0.0	0.0	0.0	0.0	0.0
6119b2fa722a0c46190d055c8a291b51	0.0	0.0	0.0	24.0	0.0	0.0	0.0	0.0	0.0	0.0	0.0
86534f0bac83521cbb8d1a7c631667b5	0.0	0.0	0.0	0.0	0.0	0.0	0.0	0.0	5.0	0.0	0.0
8c29706aa34521fd64e7e896aee4654a	0.0	0.0	0.0	0.0	0.0	0.0	0.0	0.0	11.0	0.0	0.0
361410a04414aa5e2b4e76718bd7718d	0.0	0.0	0.0	0.0	0.0	0.0	0.0	0.0	0.0	0.0	2.0
e8f2145cb65bc52a1d4f013204a2cd39	0.0	0.0	0.0	0.0	0.0	0.0	0.0	0.0	6.0	0.0	0.0
1419683811f13c0546664655f958685e	0.0	0.0	0.0	0.0	0.0	0.0	0.0	0.0	0.0	8.0	0.0
199e8b4c69574887f49bcf37490d287e	0.0	0.0	0.0	0.0	0.0	0.0	0.0	0.0	0.0	0.0	3.0
5d049721d5634b85b34492d3e6033fee	0.0	0.0	0.0	0.0	0.0	0.0	0.0	0.0	8.0	0.0	0.0
c5e07be8496edfc37bb01f3ef7e7dbb1	0.0	0.0	0.0	0.0	0.0	0.0	0.0	0.0	0.0	0.0	5.0
03f9b635a0c0d26c8a6c1eee9b2250dd	0.0	0.0	0.0	0.0	0.0	0.0	0.0	21.0	0.0	0.0	0.0
5ba4226ddcff641535c40924782fc236	0.0	0.0	0.0	0.0	0.0	0.0	0.0	0.0	4.0	0.0	0.0
2b8556a410574813bddfe90c8db1c943	3.0	0.0	0.0	0.0	0.0	0.0	0.0	0.0	0.0	0.0	0.0
8d5cdae48a0766b5f86f508e9fdaa1b0	0.0	0.0	0.0	0.0	0.0	0.0	0.0	0.0	0.0	0.0	3.0
c401d11fe2155f48854b0a8e9691343e	0.0	0.0	0.0	0.0	0.0	0.0	0.0	13.0	0.0	0.0	0.0
7f2ae8ee6aa4334b7135eef49fae7c45	0.0	0.0	0.0	0.0	0.0	0.0	0.0	0.0	0.0	0.0	3.0
28ac61806a50afd6521048ccf04d0d59	0.0	0.0	0.0	0.0	0.0	0.0	0.0	0.0	0.0	0.0	7.0
469dc00f1dd80932d1a23f00d6f814c5	0.0	0.0	0.0	0.0	0.0	0.0	0.0	0.0	0.0	0.0	4.0
f7487577344ac9b46f6247d5420bf7ca	0.0	0.0	0.0	0.0	0.0	0.0	19.0	0.0	0.0	0.0	0.0
3d3bc2e89a790d33f7aafa8decbf4e1c	0.0	0.0	0.0	0.0	0.0	0.0	0.0	0.0	6.0	0.0	0.0
ab7be1009775cf033ba7158cc859c632	0.0	0.0	0.0	0.0	0.0	0.0	0.0	0.0	0.0	0.0	2.0
11059f72d80b765c890657eb1e3b824d	9.0	0.0	0.0	0.0	0.0	0.0	0.0	0.0	0.0	0.0	0.0
c9df46464ffaf1998df0c7cca67c3641	0.0	11.0	0.0	0.0	0.0	0.0	0.0	0.0	0.0	0.0	0.0
db3a46e3b02e5a6a897e9011f39fb362	0.0	0.0	0.0	0.0	14.0	0.0	0.0	0.0	0.0	0.0	0.0
346e115258574b3dd0f981ae39c672d4	0.0	0.0	0.0	0.0	0.0	0.0	0.0	15.0	0.0	0.0	0.0
751974c0e194759be3832b07527bd9b4	0.0	0.0	0.0	0.0	0.0	0.0	0.0	0.0	0.0	0.0	4.0
8a87ccebacc1a0ea301bdd98bf68a548	0.0	8.0	0.0	0.0	0.0	0.0	0.0	0.0	0.0	0.0	0.0
13c8ed949655bd9046238c25ce9bc0dc	0.0	0.0	0.0	0.0	20.0	0.0	0.0	0.0	0.0	0.0	0.0
390b896fc6f246b20363df454766945a	0.0	0.0	0.0	0.0	0.0	0.0	0.0	0.0	0.0	7.0	0.0
90fd8d3361a16f0e51794439901fdae2	0.0	0.0	0.0	0.0	0.0	0.0	0.0	0.0	0.0	0.0	4.0
d54fa6f706f6830cba45d584aed09d14	0.0	0.0	0.0	10.0	0.0	0.0	0.0	0.0	0.0	0.0	0.0
65f7ed01b82a42a23e89b4a0a4edfb12	0.0	0.0	0.0	0.0	0.0	0.0	0.0	0.0	3.0	0.0	0.0
0abfa6da04c47faab21de824e306e3d5	7.0	0.0	0.0	0.0	0.0	0.0	0.0	0.0	0.0	0.0	0.0
8864931c2d21b2caf44e5322c7b9c02e	0.0	0.0	0.0	0.0	0.0	9.0	0.0	8.0	0.0	0.0	0.0
78c450eb6dbb2d8d98981657601a5082	0.0	0.0	0.0	0.0	0.0	0.0	0.0	16.0	0.0	0.0	0.0
d8ee305c961416242ece4619eb67b110	0.0	0.0	0.0	0.0	0.0	0.0	0.0	0.0	0.0	0.0	2.0
36b3347c8f017b9be4036548d324d39e	0.0	9.0	0.0	0.0	0.0	0.0	0.0	0.0	0.0	0.0	0.0
8e2a2e426922a11a0247fffb9a2c203f	0.0	0.0	0.0	0.0	0.0	20.0	0.0	0.0	0.0	0.0	0.0
9e8de1f19c94211074b7d8a1fef0c499	0.0	0.0	0.0	0.0	0.0	20.0	0.0	0.0	0.0	0.0	0.0
e29ad7ba0738fae1a98c086b7a38bc63	0.0	0.0	0.0	0.0	0.0	0.0	0.0	0.0	4.0	0.0	0.0
b2a3ae77965f18ebb13b88ec23eb7065	0.0	0.0	0.0	0.0	0.0	0.0	0.0	0.0	2.0	0.0	0.0
e895aa2ceeb3c2b047d98defc1fc87f3	0.0	0.0	0.0	0.0	0.0	0.0	0.0	0.0	0.0	13.0	0.0
972ca7b5e4101e2974d5392d728a7ac7	1.0	0.0	0.0	0.0	0.0	0.0	0.0	0.0	0.0	0.0	0.0
5a0b474fcf924d9cc9aa73a45a191c28	0.0	0.0	0.0	0.0	0.0	0.0	15.0	0.0	0.0	0.0	0.0
b5b9ad0022a35c7b42fec74e2c3bdee8	0.0	0.0	0.0	0.0	0.0	0.0	0.0	0.0	0.0	0.0	3.0
da407be53430682e08b78014330d5005	0.0	0.0	0.0	0.0	0.0	0.0	15.0	0.0	0.0	0.0	0.0
4a8f1c9db05827ce6af9b4ec9c9f927f	0.0	0.0	0.0	0.0	0.0	0.0	0.0	0.0	0.0	0.0	6.0
2602b4c7508db67ff0ae7176fb333a65	6.0	0.0	0.0	0.0	0.0	0.0	0.0	0.0	0.0	0.0	0.0
bb5bbede997eff45cfea55164554128c	0.0	0.0	0.0	0.0	0.0	0.0	0.0	0.0	3.0	0.0	0.0
45241f084e606888cfa2afea48c10454	0.0	0.0	0.0	0.0	0.0	0.0	0.0	0.0	0.0	0.0	5.0
c991d3cdd27df3f0bb933172d96c5b08	0.0	0.0	0.0	0.0	0.0	0.0	0.0	0.0	0.0	0.0	2.0
be93e7e9f3d85b7571761c78028be001	0.0	0.0	0.0	0.0	0.0	0.0	20.0	0.0	0.0	0.0	0.0
a528e5151ad2a02b8b0ce1db898be817	0.0	0.0	0.0	0.0	0.0	0.0	0.0	0.0	6.0	0.0	0.0
8522e53eceba7bd8445885742a889344	0.0	0.0	0.0	0.0	0.0	0.0	0.0	0.0	0.0	0.0	3.0
fbbbe97e2a6274e9a4d23f3f9b40d81f	0.0	0.0	0.0	16.0	0.0	0.0	0.0	0.0	0.0	0.0	0.0
848fc10f6d493abdf90f38b354a3efc3	0.0	0.0	0.0	17.0	0.0	0.0	0.0	0.0	0.0	0.0	0.0
0b1f67c5a06c61062b5dbd0a2faada27	0.0	0.0	0.0	0.0	14.0	0.0	0.0	0.0	0.0	0.0	0.0
f013477a7a4dd378e05b84f366604db1	0.0	0.0	0.0	0.0	0.0	15.0	0.0	0.0	0.0	0.0	0.0
0b34f6850a8d87ffc42b1f48d3cce897	0.0	0.0	0.0	0.0	0.0	0.0	0.0	13.0	0.0	0.0	0.0
14edf92ba8c010a9ea322a035ee89c2c	0.0	6.0	0.0	0.0	0.0	0.0	0.0	0.0	0.0	0.0	0.0
7b3a33efa222d7808bdbcf0b7cfcc603	6.0	0.0	0.0	0.0	0.0	0.0	0.0	0.0	0.0	0.0	0.0
cdead0b06e22a7d30bb6202ec6eb843c	0.0	0.0	0.0	0.0	0.0	0.0	0.0	0.0	0.0	0.0	1.0
76e1ff953c4385c8c08db82c98214353	0.0	0.0	0.0	11.0	0.0	0.0	0.0	0.0	0.0	0.0	0.0
52c10bde73596c7c72cceb0cbd992a69	0.0	0.0	0.0	0.0	0.0	0.0	0.0	0.0	0.0	0.0	4.0
9dc7be702c813fa73c204209a923131b	0.0	0.0	0.0	0.0	0.0	12.0	0.0	0.0	0.0	0.0	0.0
4dcf43b6be679db95cc49d10211abae4	0.0	0.0	0.0	0.0	0.0	0.0	16.0	0.0	0.0	0.0	0.0
5fc2ec0eabdd0a1d937f5a4b0b8946a8	0.0	0.0	0.0	0.0	0.0	0.0	12.0	0.0	0.0	0.0	0.0
9417a38339bcb453758715577cc5c6a7	0.0	0.0	0.0	7.0	0.0	0.0	0.0	0.0	0.0	0.0	0.0
eb4a8432e5e4766d5eff75d609e35e19	6.0	0.0	0.0	0.0	0.0	0.0	0.0	0.0	0.0	0.0	0.0
2b2b841da61315b3c7c98c0113a9d54c	0.0	0.0	0.0	0.0	0.0	10.0	0.0	0.0	0.0	0.0	0.0
80848f399fc7331498f43eb8f540e9ee	0.0	0.0	0.0	0.0	0.0	0.0	0.0	0.0	0.0	10.0	0.0
f4f4c33e64e64b5f56d8c762b87ef8f9	0.0	0.0	0.0	0.0	0.0	13.0	0.0	0.0	0.0	0.0	0.0
e4ace3f47ad65318d1d9fe988d7d4d8a	6.0	0.0	0.0	0.0	0.0	0.0	0.0	0.0	0.0	0.0	0.0
93faa7a2a67bcdb2353e643c28bd95fa	0.0	0.0	0.0	0.0	0.0	12.0	0.0	0.0	0.0	0.0	0.0
4c9489acfbe78efe153d17b00721be00	3.0	0.0	0.0	0.0	0.0	0.0	0.0	0.0	0.0	0.0	0.0
9880a366c5f20db2eba217093da4f499	0.0	0.0	41.0	0.0	0.0	0.0	0.0	0.0	0.0	0.0	0.0
2570775cfabc3245096417e60077406a	0.0	0.0	0.0	14.0	0.0	0.0	0.0	0.0	0.0	0.0	0.0
30ef0fb9a6c0c03bfdfefbc2f863da21	0.0	0.0	0.0	0.0	0.0	0.0	0.0	0.0	1.0	0.0	0.0
9e5f3f5009403019334ceda2ff6c106c	0.0	0.0	0.0	0.0	0.0	0.0	0.0	0.0	0.0	0.0	3.0
f24bc27ed26c0ed2439e5e551b6918a1	0.0	0.0	0.0	0.0	0.0	0.0	0.0	0.0	0.0	0.0	1.0
55da92a6ef92d0d05cfa9884857ce6a8	0.0	0.0	0.0	8.0	0.0	0.0	0.0	0.0	0.0	0.0	0.0
582c40f02b39d37347099b9ab667e6bc	0.0	0.0	0.0	0.0	11.0	0.0	0.0	0.0	0.0	0.0	0.0
580f632ca291f80d474290a891c0ad3a	0.0	0.0	0.0	0.0	0.0	7.0	0.0	0.0	0.0	0.0	0.0
39419e37f8db073f9b95c7526876d46b	0.0	0.0	0.0	0.0	0.0	0.0	0.0	0.0	0.0	0.0	2.0
92462d9ea66dd420b3fa4c5e6ffe27ab	0.0	0.0	0.0	0.0	0.0	0.0	0.0	0.0	0.0	0.0	2.0
773d180d143867eb213386b0e24ce97c	0.0	0.0	0.0	0.0	0.0	0.0	0.0	0.0	0.0	0.0	1.0
cd5ef9dd238e9a87a54a7ac52776a0fb	0.0	0.0	0.0	6.0	0.0	0.0	0.0	0.0	0.0	0.0	0.0
a6f097cbd1cf87de7949501a7ee1dd8d	0.0	0.0	0.0	0.0	0.0	0.0	0.0	13.0	0.0	0.0	0.0
d857b8e1c04c7bcb13ebd831f9ab3063	4.0	0.0	0.0	0.0	0.0	0.0	0.0	0.0	0.0	0.0	0.0
366d41cefad77d617de47c0371601976	0.0	4.0	0.0	0.0	0.0	0.0	0.0	0.0	0.0	0.0	0.0
fc4f65e393f94607f05d1723b2b96f1e	0.0	0.0	0.0	6.0	0.0	0.0	0.0	0.0	0.0	0.0	0.0
10355251464cb68d898d1134f0338642	0.0	0.0	0.0	10.0	0.0	0.0	0.0	0.0	0.0	0.0	0.0
170e2bad045b25dc048928b6950929bf	0.0	0.0	0.0	0.0	0.0	9.0	0.0	0.0	0.0	0.0	0.0
21653c03671f371cef0aa6bfe2794f59	0.0	0.0	0.0	0.0	0.0	0.0	10.0	0.0	0.0	0.0	0.0
4f9ba19bf29fe602d30bd65251ef97ec	0.0	0.0	0.0	0.0	0.0	0.0	14.0	0.0	0.0	0.0	0.0
5c208a755454a669dd3107076a8a8e72	0.0	0.0	0.0	0.0	0.0	0.0	0.0	0.0	2.0	0.0	0.0
3cd044d1b2c122888dd1f7b224b9dcb4	0.0	0.0	0.0	0.0	0.0	8.0	0.0	0.0	0.0	0.0	0.0
2a6e212ce016865743e5ff0c76924091	0.0	0.0	0.0	0.0	0.0	0.0	0.0	8.0	0.0	0.0	0.0
dc11aa69fe34c894065e4a6d1686056c	0.0	5.0	0.0	0.0	0.0	0.0	0.0	0.0	0.0	0.0	0.0
544fd8c4aee0b1706cffcdd382731f72	0.0	6.0	0.0	0.0	0.0	0.0	0.0	0.0	0.0	0.0	0.0
5fe0af1496f3b555eaace6f1417e3580	0.0	0.0	0.0	0.0	10.0	0.0	0.0	0.0	0.0	0.0	0.0
03d57ba05f96a96f6439c75ed13fe23e	0.0	0.0	0.0	0.0	0.0	0.0	0.0	0.0	2.0	0.0	0.0
2950bd11c0d9fde6e656e3f028982164	0.0	0.0	0.0	0.0	0.0	0.0	11.0	0.0	0.0	0.0	0.0
9ef8af4c0a67774b786572950b8945b7	0.0	0.0	0.0	0.0	0.0	0.0	0.0	0.0	0.0	7.0	0.0
3cc938ed93b6f436b9cfbc2976999a8f	0.0	0.0	0.0	0.0	0.0	0.0	0.0	0.0	0.0	0.0	1.0
1b3340d2a9b1bb781554259249465a87	0.0	0.0	0.0	0.0	0.0	0.0	0.0	0.0	2.0	0.0	0.0
663ac4d70800bc28c9bf501bd927ec57	0.0	0.0	0.0	0.0	0.0	9.0	0.0	0.0	0.0	0.0	0.0
1afd516c7817330ef0c30c7b3cb27454	0.0	0.0	0.0	0.0	0.0	0.0	0.0	9.0	0.0	0.0	0.0
9bf5cf419e004d0579edabff21b15478	0.0	6.0	0.0	0.0	0.0	0.0	0.0	0.0	0.0	0.0	0.0
1dbcfff60dcd07917e51ddd14f2fd220	0.0	0.0	0.0	0.0	0.0	0.0	0.0	4.0	0.0	0.0	0.0
221975aa8d9e4b3ba7f501ca15e417f8	0.0	0.0	0.0	0.0	6.0	0.0	0.0	0.0	0.0	0.0	0.0
b73447b8f3b831a3031b26f7efe6d61f	0.0	0.0	0.0	0.0	0.0	0.0	0.0	5.0	0.0	0.0	0.0
1cc97f9963e742d67ae3a8b5013ece3b	3.0	0.0	0.0	0.0	0.0	0.0	0.0	0.0	0.0	0.0	0.0
78bcfa8afa06aaa38402f97f9fd32455	0.0	0.0	0.0	0.0	0.0	0.0	0.0	10.0	0.0	0.0	0.0
805543cac266f58644cd6bc9874b7c4c	0.0	0.0	0.0	0.0	0.0	0.0	0.0	0.0	3.0	0.0	0.0
19e8c7b7443cdcadd38c8059b363e3e6	0.0	0.0	0.0	0.0	0.0	0.0	0.0	3.0	0.0	0.0	0.0
3bbda8cb5b29d60add62c77ba7bc5f30	0.0	0.0	0.0	0.0	0.0	0.0	0.0	7.0	0.0	0.0	0.0
c6b277639cee2a30a1da95b9337af9cf	0.0	0.0	0.0	0.0	0.0	0.0	0.0	6.0	0.0	0.0	0.0
6980fdd1c0dc77df2acf524b7f606809	0.0	0.0	0.0	0.0	0.0	3.0	0.0	0.0	0.0	0.0	0.0
14969913ac9e872963ab4caa8d15eb85	4.0	0.0	0.0	0.0	0.0	0.0	0.0	0.0	0.0	0.0	0.0
529cc5a5a52e6b8900f4a366e9ce4f92	0.0	0.0	0.0	0.0	0.0	0.0	0.0	0.0	0.0	0.0	1.0
7fe908a296173e2a1f2381f181784683	0.0	0.0	0.0	5.0	0.0	0.0	0.0	0.0	0.0	0.0	0.0
61ec77776cef66b7a98abcd4f579bb2e	0.0	0.0	0.0	0.0	0.0	0.0	0.0	2.0	0.0	0.0	0.0
067b24e4195633361daffc8fe9a8e9da	2.0	0.0	0.0	0.0	0.0	0.0	0.0	0.0	0.0	0.0	0.0
6c280ae8ef4328c4e2f116f88f31a22b	0.0	0.0	0.0	0.0	0.0	0.0	0.0	5.0	0.0	0.0	0.0
3ab77e604a8864eba7ab6d0985fdc0dd	0.0	0.0	0.0	0.0	0.0	0.0	0.0	0.0	0.0	5.0	0.0
3b55369e33baa98e9f99bf90d18b342a	0.0	0.0	0.0	3.0	0.0	0.0	0.0	0.0	0.0	0.0	0.0
494e17234b4a07198671455b83e6c9a9	0.0	0.0	0.0	0.0	0.0	0.0	0.0	0.0	0.0	2.0	0.0
8e1ba06df56a3b55e9f8e3f1353de7a9	0.0	0.0	0.0	0.0	0.0	0.0	0.0	0.0	2.0	0.0	0.0
ae20f93104512b19e070fc0a08f0ccf4	0.0	0.0	0.0	0.0	0.0	0.0	0.0	0.0	0.0	0.0	2.0
f378f1d3c92857ceeef330cd33dd572c	0.0	0.0	0.0	0.0	0.0	0.0	0.0	0.0	0.0	2.0	0.0
9a79c4b5ea7123c2fec65bc7984a2ceb	0.0	0.0	0.0	0.0	0.0	0.0	0.0	0.0	0.0	0.0	1.0
47f0f3d1ed995f499aa2eb8c37453f32	0.0	0.0	10.0	0.0	0.0	0.0	0.0	0.0	0.0	0.0	0.0
5979e6a85774487a30f6ce47dd626f9c	0.0	0.0	0.0	0.0	0.0	0.0	0.0	2.0	0.0	0.0	0.0
b15c0b44ec39ace8cf2bf0af181c83f6	0.0	0.0	0.0	0.0	3.0	0.0	0.0	0.0	0.0	0.0	0.0
177a34c766d2ce2eff2330e21c4190ad	0.0	0.0	0.0	0.0	0.0	0.0	0.0	1.0	0.0	0.0	0.0
7eb02a3515a15e0c237e1352b04fd012	0.0	0.0	0.0	0.0	0.0	0.0	0.0	0.0	0.0	0.0	1.0
d1c2175db391258c5e00ef86f809fc7b	0.0	1.0	0.0	0.0	0.0	0.0	0.0	0.0	0.0	0.0	0.0
820613fa4c4777cc9d912f02d9d06680	0.0	0.0	0.0	0.0	0.0	0.0	0.0	5.0	0.0	0.0	0.0
36c29da32ba988f376be4dc773e1e848	0.0	0.0	0.0	2.0	0.0	0.0	0.0	0.0	0.0	0.0	0.0
e679ac857cd015df1832dfc3db63755e	0.0	1.0	0.0	0.0	0.0	0.0	0.0	0.0	0.0	0.0	0.0
